dataset,enrichment_fidelity_jaccard,enrichment_fidelity_semantic,hub_gene_ndcg,analogous_systems_jaccard,analogous_systems_semantic,biological_synthesis_cosine,hypotheses_jaccard,hypotheses_semantic,novel_insights_jaccard,novel_insights_semantic,regulatory_network_mrr,hub_gene_annotation_f1,enrichment_categorization_jaccard,system_model_jaccard,publication_title_cosine,component_summaries_cosine
BP,0.045454545454545456,0.7110924,0.0,0.0,0.19582766,0.12673654,0.0,0.20451304,0.0,0.37322646,0.0,0.0,0.15476190476190477,0.0,0.1750642,0.7046671
BC,0.0,0.5456284,0.26607866681429276,0.0,0.40243754,0.028134134,0.0,0.31951505,0.0,0.39205003,0.0,0.3383838383838384,0.1111111111111111,0.21739130434782608,0.21885592,0.40347743
MN,0.0,0.6418326,0.05621908976192367,0.0,0.5074773,0.09404628,0.0,0.35116577,0.0,0.29288298,0.0,0.20000000000000004,0.0,0.06666666666666667,0.30081958,0.6587832
PD1,0.09523809523809523,0.93617004,0.20488712031902198,0.0,0.5931911,0.08840147,0.0,0.35476476,0.0,0.3714282,0.0,0.22377622377622378,0.2,0.15384615384615385,0.39254326,0.54823303
PAD,0.08333333333333333,0.7741859,0.07979453856244817,0.0,0.29370806,0.0714129,0.0,0.33801156,0.0,0.3326521,0.0,0.12222222222222223,0.14285714285714285,0.038461538461538464,0.2083349,0.64570236
UV,0.045454545454545456,0.7359185,0.0,0.0,0.28385574,0.13537776,0.0,0.28471732,0.0,0.34851503,0.0,0.0,0.16666666666666666,0.0,0.41672868,0.5715292
HCM,0.045454545454545456,0.60440487,0.2529427027676571,0.0,0.5551692,0.11075924,0.0,0.4532499,0.0,0.36860612,0.0,0.3055555555555555,0.0,0.08333333333333333,0.19447042,0.33047852
GC,0.09523809523809523,0.7525039,0.24087015069056386,0.0,0.5399441,0.045941904,0.0,0.26598775,0.0,0.26555735,0.0,0.1111111111111111,0.15476190476190477,0.2777777777777778,0.4371549,0.6928235
