dataset,enrichment_fidelity_jaccard,enrichment_fidelity_semantic,hub_gene_ndcg,analogous_systems_jaccard,analogous_systems_semantic,biological_synthesis_cosine,hypotheses_jaccard,hypotheses_semantic,novel_insights_jaccard,novel_insights_semantic,regulatory_network_mrr,hub_gene_annotation_f1,enrichment_categorization_jaccard,system_model_jaccard,publication_title_cosine,component_summaries_cosine
BP,0.0,0.65421677,0.0,0.0,0.32511583,0.14030658,0.0,0.29664683,0.0,0.37561104,0.0,0.0,0.1,0.06666666666666667,0.6196115,0.54613805
BC,0.0,0.5412582,0.6250022023473502,0.14285714285714285,0.7800867,0.0609232,0.0,0.53838706,0.0,0.38519746,0.0,0.4324009324009324,0.0,0.2857142857142857,0.55733943,0.45679718
MN,0.0,0.6237338,0.05940343273155045,0.3333333333333333,0.8536497,0.021352373,0.0,0.37283483,0.0,0.35568133,0.0,0.20000000000000004,0.0,0.09375,0.8280085,0.6236004
PD1,0.09523809523809523,0.93617004,0.3290105430655788,0.0,0.8561082,0.026137317,0.0,0.4581111,0.0,0.5930383,0.0,0.21367521367521367,0.18333333333333335,0.15384615384615385,0.66285384,0.6033077
PAD,0.04,0.7050908,0.2653827031465868,0.14285714285714285,0.7326694,0.04454853,0.0,0.3921502,0.0,0.45596755,0.0,0.11616161616161617,0.1875,0.11538461538461539,0.5527525,0.6124673
UV,0.045454545454545456,0.8496337,0.0,0.1111111111111111,0.60872144,0.11580954,0.0,0.4898291,0.0,0.45470032,0.0,0.0,0.13888888888888887,0.1111111111111111,0.7529679,0.65312004
HCM,0.0,0.69310814,0.3161783784595714,0.14285714285714285,0.72188693,0.104895085,0.0,0.43028843,0.0,0.5173077,0.0,0.3055555555555555,0.0,0.11538461538461539,0.63162136,0.53451383
GC,0.045454545454545456,0.7079455,0.23992089480238082,0.0,0.7212295,0.004337917,0.0,0.3294967,0.0,0.28598303,0.0,0.10256410256410255,0.5,0.3125,0.6068126,0.6106273
