dataset,enrichment_fidelity_jaccard,enrichment_fidelity_semantic,hub_gene_ndcg,analogous_systems_jaccard,analogous_systems_semantic,biological_synthesis_cosine,hypotheses_jaccard,hypotheses_semantic,novel_insights_jaccard,novel_insights_semantic,regulatory_network_mrr,hub_gene_annotation_f1,enrichment_categorization_jaccard,system_model_jaccard,publication_title_cosine,component_summaries_cosine
BP,0.045454545454545456,0.745869,0.13329404409237672,0.0,0.42470685,0.12741378,0.0,0.45585546,0.0,0.4646861,0.0,0.0888888888888889,0.08333333333333333,0.15,0.6056291,0.45937118
BC,0.0,0.602201,0.4451052082034313,0.0,0.3900721,0.05175235,0.0,0.41500083,0.0,0.4584908,0.0,0.37354497354497357,0.09090909090909091,0.2,0.46299472,0.4799338
MN,0.0,0.46122822,0.18839000895736896,0.3333333333333333,0.952513,0.06286365,0.0,0.34974894,0.0,0.30897915,0.0,0.28787878787878785,0.0,0.058823529411764705,0.7611048,0.41798759
PD1,0.0,0.785397,0.34178958157118683,0.125,0.69559395,0.024491971,0.0,0.42228502,0.0,0.46415395,0.0,0.14814814814814814,0.0,0.21428571428571427,0.6624791,0.0
PAD,0.08333333333333333,0.71219665,0.49684601414843915,0.0,0.3317733,0.048109747,0.0,0.4015384,0.0,0.5282056,0.0,0.13095238095238096,0.1111111111111111,0.07142857142857142,0.44466043,0.5182694
UV,0.045454545454545456,0.8647166,0.12388806404564567,0.1111111111111111,0.49247512,0.031258684,0.0,0.45475984,0.0,0.5314519,0.3333333333333333,0.18095238095238098,0.12037037037037036,0.1111111111111111,0.7001325,0.6333844
HCM,0.045454545454545456,0.616462,0.12647135138382856,0.0,0.5998457,0.06586431,0.0,0.5206364,0.0,0.49638343,0.0,0.2888888888888889,0.25,0.05,0.7826946,0.45187533
GC,0.0,0.40725943,0.5521642358371538,0.0,0.4969294,0.013716681,0.0,0.39650238,0.0,0.3130671,0.0,0.13333333333333333,0.0,0.21739130434782608,0.6566736,0.53117216
