dataset,enrichment_fidelity_jaccard,enrichment_fidelity_semantic,hub_gene_ndcg,analogous_systems_jaccard,analogous_systems_semantic,biological_synthesis_cosine,hypotheses_jaccard,hypotheses_semantic,novel_insights_jaccard,novel_insights_semantic,regulatory_network_mrr,hub_gene_annotation_f1,enrichment_categorization_jaccard,system_model_jaccard,publication_title_cosine,component_summaries_cosine
BP,0.045454545454545456,0.7389078,0.08021827351724287,0.0,0.20095164,0.06386239,0.0,0.27650374,0.0,0.37789628,0.0,0.04444444444444445,0.08333333333333333,0.15789473684210525,0.19632658,0.6447963
BC,0.041666666666666664,0.6833612,0.3103967754274879,0.0,0.32668397,0.02749409,0.0,0.30680743,0.0,0.3415466,0.0,0.3491285403050109,0.2,0.2413793103448276,0.21768363,0.4408834
MN,0.0,0.48823273,0.11710037621877055,0.0,0.60991496,0.057062805,0.0,0.3259633,0.0,0.3349046,0.0,0.14393939393939392,0.0,0.07727272727272727,0.4789916,0.49476093
PD1,0.045454545454545456,0.90882295,0.17436312267075985,0.0,0.5888581,0.036095552,0.0,0.35117185,0.0,0.381845,0.0,0.08888888888888889,0.0,0.16666666666666666,0.40287697,0.4484759
PAD,0.08333333333333333,0.78193283,0.4078135196145113,0.0,0.2868487,0.11453689,0.0,0.35898027,0.0,0.29915655,0.0,0.14444444444444446,0.125,0.125,0.11147316,0.6868411
UV,0.045454545454545456,0.9292539,0.0,0.0,0.32194853,0.18094075,0.0,0.38643312,0.0,0.30726174,0.0,0.0,0.05555555555555555,0.0,0.35969704,0.547786
HCM,0.045454545454545456,0.60440487,0.2529427027676571,0.0,0.22376601,0.119073756,0.0,0.41338876,0.0,0.34032723,0.0,0.27777777777777773,0.14285714285714285,0.07142857142857142,0.2966832,0.4383098
GC,0.0,0.45116106,0.34051969290975714,0.0,0.43344593,0.03590873,0.0,0.35280588,0.0,0.42810455,0.0,0.07407407407407407,0.0,0.3,0.5622914,0.5572207
