dataset,enrichment_fidelity_jaccard,enrichment_fidelity_semantic,hub_gene_ndcg,analogous_systems_jaccard,analogous_systems_semantic,biological_synthesis_cosine,hypotheses_jaccard,hypotheses_semantic,novel_insights_jaccard,novel_insights_semantic,regulatory_network_mrr,hub_gene_annotation_f1,enrichment_categorization_jaccard,system_model_jaccard,publication_title_cosine,component_summaries_cosine
BP,0.0,0.5312446,0.0,0.0,0.17454177,0.11533396,0.0,0.2781375,0.0,0.48338607,0.0,0.05128205128205129,0.0,0.13333333333333333,0.20210752,0.0
BC,0.0,0.56752354,0.15805253545051853,0.0,0.3950932,0.27204722,0.0,0.39263737,0.0,0.51064885,0.0,0.34961334961334956,0.0,0.21212121212121213,0.3741986,0.49874082
MN,0.0,0.35136428,0.0,0.0,0.4960202,0.11547506,0.0,0.3757569,0.0,0.33105114,0.0,0.0,0.0,0.0,0.49461612,0.0
PD1,0.0,0.62510365,0.23905216146073935,0.0,0.5898806,0.06634528,0.0,0.4390816,0.0,0.36831284,0.0,0.20346320346320346,0.0,0.10526315789473684,0.36392635,0.0
PAD,0.0,0.5945744,0.3234992853586256,0.14285714285714285,0.598586,0.17923707,0.0,0.43804836,0.0,0.3075712,0.0,0.14393939393939395,0.0,0.041666666666666664,0.23719831,0.78709006
UV,0.0,0.2344879,0.0,0.0,0.23164959,0.1847462,0.0,0.33315268,0.0,0.35946625,0.0,0.0,0.0,0.0,0.3749534,0.0
HCM,0.0,0.25379157,0.2529427027676571,0.0,0.33990088,0.067228675,0.0,0.45278272,0.0,0.33883318,0.0,0.31746031746031744,0.0,0.05555555555555555,0.19348484,0.0
GC,0.0,0.42070222,0.4537425745411855,0.0,0.34074596,0.05217643,0.0,0.3940499,0.0,0.34325415,0.0,0.11764705882352942,0.0,0.3125,0.63818765,0.0
