dataset,enrichment_fidelity_jaccard,enrichment_fidelity_semantic,hub_gene_ndcg,analogous_systems_jaccard,analogous_systems_semantic,biological_synthesis_cosine,hypotheses_jaccard,hypotheses_semantic,novel_insights_jaccard,novel_insights_semantic,regulatory_network_mrr,hub_gene_annotation_f1,enrichment_categorization_jaccard,system_model_jaccard,publication_title_cosine,component_summaries_cosine
BP,0.047619047619047616,0.6989003,0.05184030722866645,0.0,0.32511586,0.11448847,0.0,0.25899217,0.0,0.36366487,0.0,0.0606060606060606,0.0,0.125,0.673563,0.0
BC,0.0,0.6460812,0.42430620136448727,0.0,0.45243916,0.061069414,0.0,0.5917688,0.0,0.4814909,0.0,0.385989010989011,0.0,0.20689655172413793,0.6699926,0.0
MN,0.0,0.49648303,0.05621908976192367,0.0,0.35806516,0.02290971,0.0,0.3395001,0.0,0.38380277,0.0,0.27777777777777773,0.0,0.05555555555555555,0.82839435,0.0
PD1,0.0,0.8498702,0.4111464973653168,0.0,0.48710436,0.08793751,0.0,0.40571666,0.0,0.4827581,0.0,0.19047619047619047,0.0,0.15384615384615385,0.66423374,0.0
PAD,0.2,0.8133628,0.3176854173581229,0.0,0.523993,0.08515796,0.0,0.45459178,0.0,0.3392923,0.0,0.06666666666666667,0.0,0.125,0.56941146,0.694093
UV,0.045454545454545456,0.76547796,0.0,0.1111111111111111,0.47657174,0.08139898,0.0,0.5342168,0.0,0.5327562,0.0,0.0,0.041666666666666664,0.1,0.6702093,0.40364563
HCM,0.045454545454545456,0.7690422,0.12647135138382856,0.0,0.49341056,0.08456585,0.0,0.3730099,0.0,0.4962511,0.0,0.3055555555555555,0.0,0.05555555555555555,0.5842494,0.0
GC,0.0,0.6135773,0.42520843362602373,0.0,0.50677854,-0.01305328,0.0,0.37690368,0.0,0.30373123,0.0,0.08888888888888889,0.0,0.3,0.5946447,0.0
