dataset,enrichment_fidelity_jaccard,enrichment_fidelity_semantic,hub_gene_ndcg,analogous_systems_jaccard,analogous_systems_semantic,biological_synthesis_cosine,hypotheses_jaccard,hypotheses_semantic,novel_insights_jaccard,novel_insights_semantic,regulatory_network_mrr,hub_gene_annotation_f1,enrichment_categorization_jaccard,system_model_jaccard,publication_title_cosine,component_summaries_cosine
BP,0.0,0.4749643,0.05307577057513386,0.0,0.51049155,0.16788533,0.0,0.3390405,0.0,0.5079481,0.0,0.0,0.125,0.11764705882352941,0.6871613,0.4789148
BC,0.09090909090909091,0.60045356,0.5228733343211245,0.0,0.5278279,0.13960728,0.0,0.5367884,0.0,0.5521318,0.0,0.47301587301587306,0.5,0.20588235294117646,0.49693856,0.4720753
MN,0.0,0.3664511,0.32820296596731113,0.3333333333333333,0.7925885,0.07659705,0.0,0.25223505,0.0,0.33639175,0.0,0.2222222222222222,0.0,0.13095238095238093,0.7321073,0.40570244
PD1,0.0,0.555093,0.11516751731156248,0.0,0.5253559,0.09373675,0.0,0.38332602,0.0,0.4891138,0.0,0.13333333333333336,0.25,0.09090909090909091,0.47503397,0.4722665
PAD,0.0,0.5702351,0.41359929401099327,0.14285714285714285,0.59858614,0.07804172,0.0,0.3887977,0.0,0.45325938,0.0,0.09523809523809525,0.1,0.125,0.28741214,0.55423045
UV,0.0,0.63139105,0.09569233772789691,0.0,0.3507536,0.12943047,0.0,0.38844964,0.0,0.43476987,0.16666666666666666,0.0,0.0,0.1,0.60679424,0.4838969
HCM,0.0,0.47417033,0.09010000865236768,0.0,0.50090533,0.08240976,0.0,0.31873554,0.0,0.36828598,0.0,0.5,0.25,0.10714285714285714,0.052957647,0.6211399
GC,0.1111111111111111,0.61787957,0.33115939352632917,0.0,0.39742926,0.07114029,0.0,0.25965634,0.0,0.26277953,0.0,0.13333333333333333,0.5,0.3333333333333333,0.39683974,0.5410408
