Tool,Grounded Reasoning Score
IAN,0.1851931119457807
ChatGPT (DEG + Exp),0.17856027723316475
Claude (DEG + Exp),0.17783150936734965
Claude (DEG Only),0.1445008820075993
ChatGPT (DEG Only),0.13961692713583895
Gemini (DEG + Exp),0.13944870185214464
Gemini (DEG Only),0.11712654462005817
