Tool,Final Grounded Score
IAN,0.16893224692536352
Claude (DEG + Exp),0.15924596850164333
ChatGPT (DEG + Exp),0.158116678130426
Claude (DEG Only),0.1297468312650718
Gemini (DEG + Exp),0.12401811997704072
ChatGPT (DEG Only),0.12296273143543714
Gemini (DEG Only),0.11090188515903152
